{"packages/cupertino_icons/assets/CupertinoIcons.ttf":["packages/cupertino_icons/assets/CupertinoIcons.ttf"],"assets/fonts/Roboto-Bold.ttf":["assets/fonts/Roboto-Bold.ttf"],"assets/fonts/Roboto-Medium.ttf":["assets/fonts/Roboto-Medium.ttf"],"assets/fonts/Roboto-Regular.ttf":["assets/fonts/Roboto-Regular.ttf"],"assets/icons/1.5x/account.png":["assets/icons/1.5x/account.png"],"assets/icons/account.png":["assets/icons/account.png","assets/icons/1.5x/account.png","assets/icons/2.0x/account.png","assets/icons/3.0x/account.png","assets/icons/4.0x/account.png"],"assets/icons/3.0x/account.png":["assets/icons/3.0x/account.png"],"assets/icons/2.0x/account.png":["assets/icons/2.0x/account.png"],"assets/icons/4.0x/account.png":["assets/icons/4.0x/account.png"],"assets/icons/1.5x/accountActive.png":["assets/icons/1.5x/accountActive.png"],"assets/icons/3.0x/accountActive.png":["assets/icons/3.0x/accountActive.png"],"assets/icons/4.0x/accountActive.png":["assets/icons/4.0x/accountActive.png"],"assets/icons/2.0x/accountActive.png":["assets/icons/2.0x/accountActive.png"],"assets/icons/accountActive.png":["assets/icons/accountActive.png","assets/icons/1.5x/accountActive.png","assets/icons/2.0x/accountActive.png","assets/icons/3.0x/accountActive.png","assets/icons/4.0x/accountActive.png"],"assets/icons/3.0x/addToCart.png":["assets/icons/3.0x/addToCart.png"],"assets/icons/addToCart.png":["assets/icons/addToCart.png","assets/icons/1.5x/addToCart.png","assets/icons/2.0x/addToCart.png","assets/icons/3.0x/addToCart.png","assets/icons/4.0x/addToCart.png"],"assets/icons/1.5x/addToCart.png":["assets/icons/1.5x/addToCart.png"],"assets/icons/2.0x/addToCart.png":["assets/icons/2.0x/addToCart.png"],"assets/icons/4.0x/addToCart.png":["assets/icons/4.0x/addToCart.png"],"assets/icons/4.0x/addressBook.png":["assets/icons/4.0x/addressBook.png"],"assets/icons/3.0x/addressBook.png":["assets/icons/3.0x/addressBook.png"],"assets/icons/2.0x/addressBook.png":["assets/icons/2.0x/addressBook.png"],"assets/icons/addressBook.png":["assets/icons/addressBook.png","assets/icons/1.5x/addressBook.png","assets/icons/2.0x/addressBook.png","assets/icons/3.0x/addressBook.png","assets/icons/4.0x/addressBook.png"],"assets/icons/1.5x/addressBook.png":["assets/icons/1.5x/addressBook.png"],"assets/images/appIcon.jpeg":["assets/images/appIcon.jpeg"],"assets/icons/1.5x/cart.png":["assets/icons/1.5x/cart.png"],"assets/icons/2.0x/cart.png":["assets/icons/2.0x/cart.png"],"assets/icons/3.0x/cart.png":["assets/icons/3.0x/cart.png"],"assets/icons/4.0x/cart.png":["assets/icons/4.0x/cart.png"],"assets/icons/cart.png":["assets/icons/cart.png","assets/icons/1.5x/cart.png","assets/icons/2.0x/cart.png","assets/icons/3.0x/cart.png","assets/icons/4.0x/cart.png"],"assets/icons/1.5x/category.png":["assets/icons/1.5x/category.png"],"assets/icons/2.0x/category.png":["assets/icons/2.0x/category.png"],"assets/icons/3.0x/category.png":["assets/icons/3.0x/category.png"],"assets/icons/4.0x/category.png":["assets/icons/4.0x/category.png"],"assets/icons/category.png":["assets/icons/category.png","assets/icons/1.5x/category.png","assets/icons/2.0x/category.png","assets/icons/3.0x/category.png","assets/icons/4.0x/category.png"],"assets/icons/3.0x/categoryActive.png":["assets/icons/3.0x/categoryActive.png"],"assets/icons/categoryActive.png":["assets/icons/categoryActive.png","assets/icons/1.5x/categoryActive.png","assets/icons/2.0x/categoryActive.png","assets/icons/3.0x/categoryActive.png","assets/icons/4.0x/categoryActive.png"],"assets/icons/4.0x/categoryActive.png":["assets/icons/4.0x/categoryActive.png"],"assets/icons/1.5x/categoryActive.png":["assets/icons/1.5x/categoryActive.png"],"assets/icons/2.0x/categoryActive.png":["assets/icons/2.0x/categoryActive.png"],"assets/icons/3.0x/delete.png":["assets/icons/3.0x/delete.png"],"assets/icons/delete.png":["assets/icons/delete.png","assets/icons/1.5x/delete.png","assets/icons/2.0x/delete.png","assets/icons/3.0x/delete.png","assets/icons/4.0x/delete.png"],"assets/icons/4.0x/delete.png":["assets/icons/4.0x/delete.png"],"assets/icons/1.5x/delete.png":["assets/icons/1.5x/delete.png"],"assets/icons/2.0x/delete.png":["assets/icons/2.0x/delete.png"],"assets/icons/1.5x/delivery.png":["assets/icons/1.5x/delivery.png"],"assets/icons/3.0x/delivery.png":["assets/icons/3.0x/delivery.png"],"assets/icons/delivery.png":["assets/icons/delivery.png","assets/icons/1.5x/delivery.png","assets/icons/2.0x/delivery.png","assets/icons/3.0x/delivery.png","assets/icons/4.0x/delivery.png"],"assets/icons/4.0x/delivery.png":["assets/icons/4.0x/delivery.png"],"assets/icons/2.0x/delivery.png":["assets/icons/2.0x/delivery.png"],"assets/icons/1.5x/edit.png":["assets/icons/1.5x/edit.png"],"assets/icons/3.0x/edit.png":["assets/icons/3.0x/edit.png"],"assets/icons/4.0x/edit.png":["assets/icons/4.0x/edit.png"],"assets/icons/edit.png":["assets/icons/edit.png","assets/icons/1.5x/edit.png","assets/icons/2.0x/edit.png","assets/icons/3.0x/edit.png","assets/icons/4.0x/edit.png"],"assets/icons/2.0x/edit.png":["assets/icons/2.0x/edit.png"],"assets/images/facebook.png":["assets/images/facebook.png"],"assets/icons/4.0x/filter.png":["assets/icons/4.0x/filter.png"],"assets/icons/3.0x/filter.png":["assets/icons/3.0x/filter.png"],"assets/icons/filter.png":["assets/icons/filter.png","assets/icons/1.5x/filter.png","assets/icons/2.0x/filter.png","assets/icons/3.0x/filter.png","assets/icons/4.0x/filter.png"],"assets/icons/2.0x/filter.png":["assets/icons/2.0x/filter.png"],"assets/icons/1.5x/filter.png":["assets/icons/1.5x/filter.png"],"assets/icons/4.0x/heart.png":["assets/icons/4.0x/heart.png"],"assets/icons/1.5x/heart.png":["assets/icons/1.5x/heart.png"],"assets/icons/3.0x/heart.png":["assets/icons/3.0x/heart.png"],"assets/icons/2.0x/heart.png":["assets/icons/2.0x/heart.png"],"assets/icons/heart.png":["assets/icons/heart.png","assets/icons/1.5x/heart.png","assets/icons/2.0x/heart.png","assets/icons/3.0x/heart.png","assets/icons/4.0x/heart.png"],"assets/icons/1.5x/home.png":["assets/icons/1.5x/home.png"],"assets/icons/2.0x/home.png":["assets/icons/2.0x/home.png"],"assets/icons/3.0x/home.png":["assets/icons/3.0x/home.png"],"assets/icons/home.png":["assets/icons/home.png","assets/icons/1.5x/home.png","assets/icons/2.0x/home.png","assets/icons/3.0x/home.png","assets/icons/4.0x/home.png"],"assets/icons/4.0x/home.png":["assets/icons/4.0x/home.png"],"assets/icons/2.0x/homeActive.png":["assets/icons/2.0x/homeActive.png"],"assets/icons/1.5x/homeActive.png":["assets/icons/1.5x/homeActive.png"],"assets/icons/3.0x/homeActive.png":["assets/icons/3.0x/homeActive.png"],"assets/icons/4.0x/homeActive.png":["assets/icons/4.0x/homeActive.png"],"assets/icons/homeActive.png":["assets/icons/homeActive.png","assets/icons/1.5x/homeActive.png","assets/icons/2.0x/homeActive.png","assets/icons/3.0x/homeActive.png","assets/icons/4.0x/homeActive.png"],"assets/images/iphoneTest.png":["assets/images/iphoneTest.png"],"assets/images/logo.png":["assets/images/logo.png"],"assets/icons/orders.png":["assets/icons/orders.png","assets/icons/1.5x/orders.png","assets/icons/2.0x/orders.png","assets/icons/3.0x/orders.png","assets/icons/4.0x/orders.png"],"assets/icons/2.0x/orders.png":["assets/icons/2.0x/orders.png"],"assets/icons/3.0x/orders.png":["assets/icons/3.0x/orders.png"],"assets/icons/4.0x/orders.png":["assets/icons/4.0x/orders.png"],"assets/icons/1.5x/orders.png":["assets/icons/1.5x/orders.png"],"assets/icons/2.0x/payment.png":["assets/icons/2.0x/payment.png"],"assets/icons/3.0x/payment.png":["assets/icons/3.0x/payment.png"],"assets/icons/4.0x/payment.png":["assets/icons/4.0x/payment.png"],"assets/icons/payment.png":["assets/icons/payment.png","assets/icons/1.5x/payment.png","assets/icons/2.0x/payment.png","assets/icons/3.0x/payment.png","assets/icons/4.0x/payment.png"],"assets/icons/1.5x/payment.png":["assets/icons/1.5x/payment.png"],"assets/icons/2.0x/return.png":["assets/icons/2.0x/return.png"],"assets/icons/3.0x/return.png":["assets/icons/3.0x/return.png"],"assets/icons/4.0x/return.png":["assets/icons/4.0x/return.png"],"assets/icons/return.png":["assets/icons/return.png","assets/icons/1.5x/return.png","assets/icons/2.0x/return.png","assets/icons/3.0x/return.png","assets/icons/4.0x/return.png"],"assets/icons/1.5x/return.png":["assets/icons/1.5x/return.png"],"assets/icons/4.0x/setting.png":["assets/icons/4.0x/setting.png"],"assets/icons/3.0x/setting.png":["assets/icons/3.0x/setting.png"],"assets/icons/setting.png":["assets/icons/setting.png","assets/icons/1.5x/setting.png","assets/icons/2.0x/setting.png","assets/icons/3.0x/setting.png","assets/icons/4.0x/setting.png"],"assets/icons/1.5x/setting.png":["assets/icons/1.5x/setting.png"],"assets/icons/2.0x/setting.png":["assets/icons/2.0x/setting.png"],"assets/icons/4.0x/signOut.png":["assets/icons/4.0x/signOut.png"],"assets/icons/1.5x/signOut.png":["assets/icons/1.5x/signOut.png"],"assets/icons/signOut.png":["assets/icons/signOut.png","assets/icons/1.5x/signOut.png","assets/icons/2.0x/signOut.png","assets/icons/3.0x/signOut.png","assets/icons/4.0x/signOut.png"],"assets/icons/2.0x/signOut.png":["assets/icons/2.0x/signOut.png"],"assets/icons/3.0x/signOut.png":["assets/icons/3.0x/signOut.png"],"assets/images/splash.png":["assets/images/splash.png"],"assets/images/splashBig.png":["assets/images/splashBig.png"],"assets/icons/support.png":["assets/icons/support.png","assets/icons/1.5x/support.png","assets/icons/2.0x/support.png","assets/icons/3.0x/support.png","assets/icons/4.0x/support.png"],"assets/icons/3.0x/support.png":["assets/icons/3.0x/support.png"],"assets/icons/1.5x/support.png":["assets/icons/1.5x/support.png"],"assets/icons/4.0x/support.png":["assets/icons/4.0x/support.png"],"assets/icons/2.0x/support.png":["assets/icons/2.0x/support.png"],"assets/images/test.png":["assets/images/test.png"],"assets/icons/3.0x/warranty.png":["assets/icons/3.0x/warranty.png"],"assets/icons/1.5x/warranty.png":["assets/icons/1.5x/warranty.png"],"assets/icons/warranty.png":["assets/icons/warranty.png","assets/icons/1.5x/warranty.png","assets/icons/2.0x/warranty.png","assets/icons/3.0x/warranty.png","assets/icons/4.0x/warranty.png"],"assets/icons/4.0x/warranty.png":["assets/icons/4.0x/warranty.png"],"assets/icons/2.0x/warranty.png":["assets/icons/2.0x/warranty.png"]}